title,current_price,currency,link,availability,model,memory,color,model_number
iPhone 14 Pro 256GB Space Black,52499.0,UAH,https://www.foxtrot.com.ua/uk/shop/smartfoniy_i_mobilniye_telefoniy_apple_iphone_14_pro_256gb_graphite.html,True,iPhone 14 Pro,256GB,Space Black,
iPhone 14 Pro 1TB Silver,72499.0,UAH,https://www.foxtrot.com.ua/uk/shop/smartfoniy_i_mobilniye_telefoniy_apple_iphone_14_pro_1tb_silver.html,True,iPhone 14 Pro,1TB,Silver,
iPhone 13 256GB Midnight (MLQ63HU/A),36999.0,UAH,https://www.foxtrot.com.ua/uk/shop/smartfoniy_i_mobilniye_telefoniy_apple_iphone_13_256gb_black.html,True,iPhone 13 ,256GB,Midnight,MLQ63HU/A
iPhone 14 Pro 1TB Gold (APPLE_NEW2022_031),72499.0,UAH,https://www.foxtrot.com.ua/uk/shop/smartfoniy_i_mobilniye_telefoniy_apple_iphone_14_pro_1tb_gold.html,True,iPhone 14 Pro,1TB,Gold,
iPhone 14 Plus 128GB Starlight,37999.0,UAH,https://www.foxtrot.com.ua/uk/shop/smartfoniy_i_mobilniye_telefoniy_apple_iphone_14_mini_128gb_starlight.html,True,iPhone 14 Plus,128GB,Starlight,
iPhone 14 Pro Max 128GB Gold (APPLE_NEW2022_044),52499.0,UAH,https://www.foxtrot.com.ua/uk/shop/smartfoniy_i_mobilniye_telefoniy_apple_iphone_14_pro_max_128gb_gold.html,True,iPhone 14 Pro Max,128GB,Gold,
iPhone 13 512GB Pink (MLQE3HU/A),39999.0,UAH,https://www.foxtrot.com.ua/uk/shop/smartfoniy_i_mobilniye_telefoniy_apple_iphone_13_64gb_purple.html,True,iPhone 13 ,512GB,Pink,MLQE3HU/A
iPhone 14 128GB Blue,36999.0,UAH,https://www.foxtrot.com.ua/uk/shop/smartfoniy_i_mobilniye_telefoniy_apple_iphone_14_128gb_blue.html,True,iPhone 14 ,128GB,Blue,
iPhone 12 64GB Black (MGJ53FS/A),22999.0,UAH,https://www.foxtrot.com.ua/uk/shop/mobilnye_telefony_apple_iphone-12-64gb-black.html,True,iPhone 12 ,64GB,Black,MGJ53FS/A
iPhone 15 Plus 256GB Blue (MU1F3RX/A),48499.0,UAH,https://www.foxtrot.com.ua/uk/shop/smartfoniy_i_mobilniye_telefoniy_apple_iphone_15_plus_256gb_blue.html,True,iPhone 15 Plus,256GB,Blue,MU1F3RX/A
iPhone 15 128GB Green (MTP53RX/A),38499.0,UAH,https://www.foxtrot.com.ua/uk/shop/smartfoniy_i_mobilniye_telefoniy_apple_iphone_15_128gb_product_red.html,True,iPhone 15 ,128GB,Green,MTP53RX/A
iPhone 14 Plus 128GB Purple,37999.0,UAH,https://www.foxtrot.com.ua/uk/shop/smartfoniy_i_mobilniye_telefoniy_apple_iphone_14_mini_128gb_pink.html,True,iPhone 14 Plus,128GB,Purple,
iPhone 12 128GB Black (MGJA3FS/A),25499.0,UAH,https://www.foxtrot.com.ua/uk/shop/mobilnye_telefony_apple_iphone-12-128gb-black.html,True,iPhone 12 ,128GB,Black,MGJA3FS/A
iPhone 15 Plus 128GB Blue (MU163RX/A),43499.0,UAH,https://www.foxtrot.com.ua/uk/shop/smartfoniy_i_mobilniye_telefoniy_apple_iphone_15_plus_128gb_blue.html,True,iPhone 15 Plus,128GB,Blue,MU163RX/A
iPhone 14 128GB Midnight,36999.0,UAH,https://www.foxtrot.com.ua/uk/shop/smartfoniy_i_mobilniye_telefoniy_apple_iphone_14_128gb_midnight.html,True,iPhone 14 ,128GB,Midnight,
iPhone 14 Pro Max 1TB Gold (APPLE_NEW2022_049),77499.0,UAH,https://www.foxtrot.com.ua/uk/shop/smartfoniy_i_mobilniye_telefoniy_apple_iphone_14_pro_max_1tb_gold.html,True,iPhone 14 Pro Max,1TB,Gold,
iPhone 13 512GB (PRODUCT) RED (MLQF3HU/A),39999.0,UAH,https://www.foxtrot.com.ua/uk/shop/smartfoniy_i_mobilniye_telefoniy_apple_iphone_13_64gb_red.html,True,iPhone 13 ,512GB,(PRODUCT) RED,MLQF3HU/A
iPhone 14 Pro 1TB Deep Purple,72499.0,UAH,https://www.foxtrot.com.ua/uk/shop/smartfoniy_i_mobilniye_telefoniy_apple_iphone_14_pro_1tb_sierra_blue.html,True,iPhone 14 Pro,1TB,Deep Purple,
iPhone 15 Plus 256GB Yellow (MU1D3RX/A),48499.0,UAH,https://www.foxtrot.com.ua/uk/shop/smartfoniy_i_mobilniye_telefoniy_apple_iphone_15_plus_256gb_yellow.html,True,iPhone 15 Plus,256GB,Yellow,MU1D3RX/A
iPhone 14 Plus 256GB Blue,42999.0,UAH,https://www.foxtrot.com.ua/uk/shop/smartfoniy_i_mobilniye_telefoniy_apple_iphone_14_mini_256gb_blue.html,True,iPhone 14 Plus,256GB,Blue,
iPhone 14 256GB Blue,41999.0,UAH,https://www.foxtrot.com.ua/uk/shop/smartfoniy_i_mobilniye_telefoniy_apple_iphone_14_256gb_blue.html,True,iPhone 14 ,256GB,Blue,
iPhone 11 64GB Black (MHDA3FS/A) (без адаптера),20999.0,UAH,https://www.foxtrot.com.ua/uk/shop/mobilnye_telefony_apple_iphone-11-64gb-blackno-adapter-.html,True,iPhone 11 ,64GB,Black,MHDA3FS/A
iPhone 14 Pro 512GB Deep Purple (APPLE_NEW2022_042),62499.0,UAH,https://www.foxtrot.com.ua/uk/shop/smartfoniy_i_mobilniye_telefoniy_apple_iphone_14_pro_512gb_sierra_blue.html,True,iPhone 14 Pro,512GB,Deep Purple,
iPhone 14 Plus 256GB (PRODUCT) RED,42999.0,UAH,https://www.foxtrot.com.ua/uk/shop/smartfoniy_i_mobilniye_telefoniy_apple_iphone_14_mini_256gb_product_red.html,True,iPhone 14 Plus,256GB,(PRODUCT) RED,
iPhone 14 Pro Max 512GB Space Black,67499.0,UAH,https://www.foxtrot.com.ua/uk/shop/smartfoniy_i_mobilniye_telefoniy_apple_iphone_14_pro_max_512gb_graphite.html,True,iPhone 14 Pro Max,512GB,Space Black,
iPhone 13 512 Gb Green (MNGM3HU/A),39999.0,UAH,https://www.foxtrot.com.ua/uk/shop/smartfoniy_i_mobilniye_telefoniy_apple_iphone_13_512gb_green.html,True,iPhone 13 ,512 Gb,Green,MNGM3HU/A
iPhone 14 256GB (PRODUCT) RED,41999.0,UAH,https://www.foxtrot.com.ua/uk/shop/smartfoniy_i_mobilniye_telefoniy_apple_iphone_14_256gb_product_red.html,True,iPhone 14 ,256GB,(PRODUCT) RED,
iPhone SE 2022 64GB (PRODUCT) RED A2783,21999.0,UAH,https://www.foxtrot.com.ua/uk/shop/smartfoniy_i_mobilniye_telefoniy_apple_iphone_se_64gb_product_red_model_a2783.html,True,iPhone SE ,64GB,(PRODUCT) RED,
iPhone 14 256GB Midnight (APPLE_NEW2022_008),41999.0,UAH,https://www.foxtrot.com.ua/uk/shop/smartfoniy_i_mobilniye_telefoniy_apple_iphone_14_256gb_midnight.html,True,iPhone 14 ,256GB,Midnight,
iPhone 14 Pro Max 256GB Silver (APPLE_NEW2022_056),57499.0,UAH,https://www.foxtrot.com.ua/uk/shop/smartfoniy_i_mobilniye_telefoniy_apple_iphone_14_pro_max_256gb_silver.html,True,iPhone 14 Pro Max,256GB,Silver,
iPhone 14 128GB PRODUCT Red (APPLE_NEW2022_001),36999.0,UAH,https://www.foxtrot.com.ua/uk/shop/smartfoniy_i_mobilniye_telefoniy_apple_iphone_14_128gb_product_red.html,True,iPhone 14 ,128GB,PRODUCT Red,
iPhone 15 256GB Green (MTPA3RX/A),43499.0,UAH,https://www.foxtrot.com.ua/uk/shop/smartfoniy_i_mobilniye_telefoniy_apple_iphone_15_256gb_product_red.html,True,iPhone 15 ,256GB,Green,MTPA3RX/A
iPhone 14 Pro Max 1TB Deep Purple (APPLE_NEW2022_051),77499.0,UAH,https://www.foxtrot.com.ua/uk/shop/smartfoniy_i_mobilniye_telefoniy_apple_iphone_14_pro_max_1tb_sierra_blue.html,True,iPhone 14 Pro Max,1TB,Deep Purple,
iPhone 15 Plus 128GB Yellow (MU123RX/A),43499.0,UAH,https://www.foxtrot.com.ua/uk/shop/smartfoniy_i_mobilniye_telefoniy_apple_iphone_15_plus_128gb_yellow.html,True,iPhone 15 Plus,128GB,Yellow,MU123RX/A
iPhone 14 Pro Max 512GB Silver,67499.0,UAH,https://www.foxtrot.com.ua/uk/shop/smartfoniy_i_mobilniye_telefoniy_apple_iphone_14_pro_max_512gb_silver.html,True,iPhone 14 Pro Max,512GB,Silver,
iPhone 13 512GB Blue (MLQG3HU/A),39999.0,UAH,https://www.foxtrot.com.ua/uk/shop/smartfoniy_i_mobilniye_telefoniy_apple_iphone_13_64gb_blue.html,True,iPhone 13 ,512GB,Blue,MLQG3HU/A
iPhone 14 Plus 512GB Starlight,48999.0,UAH,https://www.foxtrot.com.ua/uk/shop/smartfoniy_i_mobilniye_telefoniy_apple_iphone_14_plus_512gb_starlight.html,True,iPhone 14 Plus,512GB,Starlight,
iPhone 14 Pro 256GB Gold,52499.0,UAH,https://www.foxtrot.com.ua/uk/shop/smartfoniy_i_mobilniye_telefoniy_apple_iphone_14_pro_256gb_gold.html,True,iPhone 14 Pro,256GB,Gold,
iPhone 14 Pro Max 512GB Gold,67499.0,UAH,https://www.foxtrot.com.ua/uk/shop/smartfoniy_i_mobilniye_telefoniy_apple_iphone_14_pro_max_512gb_gold.html,True,iPhone 14 Pro Max,512GB,Gold,
iPhone 13 128GB Blue (MLPK3HU/A),31999.0,UAH,https://www.foxtrot.com.ua/uk/shop/smartfoniy_i_mobilniye_telefoniy_apple_iphone_13_128gb_blue.html,True,iPhone 13 ,128GB,Blue,MLPK3HU/A
iPhone 15 Plus 256GB Green (MU1G3RX/A),48499.0,UAH,https://www.foxtrot.com.ua/uk/shop/smartfoniy_i_mobilniye_telefoniy_apple_iphone_15_plus_256gb_product_red.html,True,iPhone 15 Plus,256GB,Green,MU1G3RX/A
iPhone 15 Plus 256GB Black (MU183RX/A),48499.0,UAH,https://www.foxtrot.com.ua/uk/shop/smartfoniy_i_mobilniye_telefoniy_apple_iphone_15_plus_256gb_midnight.html,True,iPhone 15 Plus,256GB,Black,MU183RX/A
iPhone 14 128GB Starlight,36999.0,UAH,https://www.foxtrot.com.ua/uk/shop/smartfoniy_i_mobilniye_telefoniy_apple_iphone_14_128gb_starlight.html,True,iPhone 14 ,128GB,Starlight,
iPhone 14 Plus 512GB Purple,48999.0,UAH,https://www.foxtrot.com.ua/uk/shop/smartfoniy_i_mobilniye_telefoniy_apple_iphone_14_plus_512gb_purple.html,True,iPhone 14 Plus,512GB,Purple,
iPhone 15 Plus 256GB Pink (MU193RX/A),48499.0,UAH,https://www.foxtrot.com.ua/uk/shop/smartfoniy_i_mobilniye_telefoniy_apple_iphone_15_plus_256gb_purple.html,True,iPhone 15 Plus,256GB,Pink,MU193RX/A
iPhone 14 Plus 128GB Blue,37999.0,UAH,https://www.foxtrot.com.ua/uk/shop/smartfoniy_i_mobilniye_telefoniy_apple_iphone_14_mini_128gb_blue.html,True,iPhone 14 Plus,128GB,Blue,
iPhone 15 256GB Blue (MTP93RX/A),43499.0,UAH,https://www.foxtrot.com.ua/uk/shop/smartfoniy_i_mobilniye_telefoniy_apple_iphone_15_256gb_blue.html,True,iPhone 15 ,256GB,Blue,MTP93RX/A
iPhone 15 Plus 128GB Pink (MU103RX/A),43499.0,UAH,https://www.foxtrot.com.ua/uk/shop/smartfoniy_i_mobilniye_telefoniy_apple_iphone_15_plus_128gb_purple.html,True,iPhone 15 Plus,128GB,Pink,MU103RX/A
iPhone 15 128GB Blue (MTP43RX/A),38499.0,UAH,https://www.foxtrot.com.ua/uk/shop/smartfoniy_i_mobilniye_telefoniy_apple_iphone_15_128gb_blue.html,True,iPhone 15 ,128GB,Blue,MTP43RX/A
iPhone 14 128GB Purple (APPLE_NEW2022_004),36999.0,UAH,https://www.foxtrot.com.ua/uk/shop/smartfoniy_i_mobilniye_telefoniy_apple_iphone_14_128gb_pink.html,True,iPhone 14 ,128GB,Purple,
iPhone 15 256GB Pink (MTP73RX/A),43499.0,UAH,https://www.foxtrot.com.ua/uk/shop/smartfoniy_i_mobilniye_telefoniy_apple_iphone_15_256gb_purple.html,True,iPhone 15 ,256GB,Pink,MTP73RX/A
iPhone 13 256GB Starlight (MLQ73HU/A),36999.0,UAH,https://www.foxtrot.com.ua/uk/shop/smartfoniy_i_mobilniye_telefoniy_apple_iphone_13_256gb_white.html,True,iPhone 13 ,256GB,Starlight,MLQ73HU/A
iPhone 13 256GB Pink (MLQ83HU/A),36999.0,UAH,https://www.foxtrot.com.ua/uk/shop/smartfoniy_i_mobilniye_telefoniy_apple_iphone_13_256gb_purple.html,True,iPhone 13 ,256GB,Pink,MLQ83HU/A
iPhone 14 Plus 128GB Midnight,37999.0,UAH,https://www.foxtrot.com.ua/uk/shop/smartfoniy_i_mobilniye_telefoniy_apple_iphone_14_mini_128gb_midnight.html,True,iPhone 14 Plus,128GB,Midnight,
iPhone 14 Pro Max 256GB Gold,57499.0,UAH,https://www.foxtrot.com.ua/uk/shop/smartfoniy_i_mobilniye_telefoniy_apple_iphone_14_pro_max_256gb_gold.html,True,iPhone 14 Pro Max,256GB,Gold,
iPhone 15 512GB Black (MTPC3RX/A),53499.0,UAH,https://www.foxtrot.com.ua/uk/shop/smartfoniy_i_mobilniye_telefoniy_apple_iphone_15_512gb_midnight.html,True,iPhone 15 ,512GB,Black,MTPC3RX/A
iPhone 15 128GB Yellow (MTP23RX/A),38499.0,UAH,https://www.foxtrot.com.ua/uk/shop/smartfoniy_i_mobilniye_telefoniy_apple_iphone_15_128gb_yellow.html,True,iPhone 15 ,128GB,Yellow,MTP23RX/A
iPhone 12 64GB White (MGJ63FS/A),22999.0,UAH,https://www.foxtrot.com.ua/uk/shop/mobilnye_telefony_apple_iphone-12-64gb-white.html,True,iPhone 12 ,64GB,White,MGJ63FS/A
iPhone 14 Pro 256GB Deep Purple,52499.0,UAH,https://www.foxtrot.com.ua/uk/shop/smartfoniy_i_mobilniye_telefoniy_apple_iphone_14_pro_256gb_sierra_blue.html,True,iPhone 14 Pro,256GB,Deep Purple,
iPhone 15 Pro 256GB Natural Titanium (MTV53RX/A),58499.0,UAH,https://www.foxtrot.com.ua/uk/shop/smartfoniy_i_mobilniye_telefoniy_apple_iphone_15_pro_256gb_deep_purple.html,True,iPhone 15 Pro,256GB,Natural Titanium,MTV53RX/A
iPhone 14 Pro Max 1TB Space Black,77499.0,UAH,https://www.foxtrot.com.ua/uk/shop/smartfoniy_i_mobilniye_telefoniy_apple_iphone_14_pro_max_1tb_graphite.html,True,iPhone 14 Pro Max,1TB,Space Black,
iPhone 11 64GB White (MHDC3FS/A),20999.0,UAH,https://www.foxtrot.com.ua/uk/shop/mobilnye_telefony_apple_iphone-11-64gb-whiteno-adapter-.html,True,iPhone 11 ,64GB,White,MHDC3FS/A
iPhone 12 128GB Purple (MJNP3FS/A),25499.0,UAH,https://www.foxtrot.com.ua/uk/shop/mobilnye_telefony_apple_iphone-12-128gb-purple-1.html,True,iPhone 12 ,128GB,Purple,MJNP3FS/A
iPhone 13 128GB Starlight (MLPG3HU/A),31999.0,UAH,https://www.foxtrot.com.ua/uk/shop/smartfoniy_i_mobilniye_telefoniy_apple_iphone_13_128gb_white.html,True,iPhone 13 ,128GB,Starlight,MLPG3HU/A
iPhone 14 Pro 1TB Space Black,72499.0,UAH,https://www.foxtrot.com.ua/uk/shop/smartfoniy_i_mobilniye_telefoniy_apple_iphone_14_pro_1tb_graphite.html,True,iPhone 14 Pro,1TB,Space Black,
iPhone 13 256 Gb Green (MNGL3HU/A),36999.0,UAH,https://www.foxtrot.com.ua/uk/shop/smartfoniy_i_mobilniye_telefoniy_apple_iphone_13_256gb_green.html,True,iPhone 13 ,256 Gb,Green,MNGL3HU/A
iPhone 15 Pro 1TB Blue Titanium (MTVG3RX/A),78499.0,UAH,https://www.foxtrot.com.ua/uk/shop/smartfoniy_i_mobilniye_telefoniy_apple_iphone_15_pro_1tb_gold.html,True,iPhone 15 Pro,1TB,Blue Titanium,MTVG3RX/A
iPhone 13 Mini 512GB Blue (MLKF3HU/A),38999.0,UAH,https://www.foxtrot.com.ua/uk/shop/smartfoniy_i_mobilniye_telefoniy_apple_iphone_13_mini_64gb_blue.html,True,iPhone 13 Mini,512GB,Blue,MLKF3HU/A
iPhone 14 Plus 128 Gb Yellow,37999.0,UAH,https://www.foxtrot.com.ua/uk/shop/smartfoniy_i_mobilniye_telefoniy_apple_iphone_14_plus_128gb_yellow.html,True,iPhone 14 Plus,128 Gb,Yellow,
iPhone 14 Pro Max 256GB Deep Purple,57499.0,UAH,https://www.foxtrot.com.ua/uk/shop/smartfoniy_i_mobilniye_telefoniy_apple_iphone_14_pro_max_256gb_sierra_blue.html,True,iPhone 14 Pro Max,256GB,Deep Purple,
iPhone 15 Pro Max 256GB Blue Titanium (MU7A3RX/A),63499.0,UAH,https://www.foxtrot.com.ua/uk/shop/smartfoniy_i_mobilniye_telefoniy_apple_iphone_15_pro_max_256gb_gold.html,True,iPhone 15 Pro Max,256GB,Blue Titanium,MU7A3RX/A
iPhone 14 Pro 512GB Space Black,62499.0,UAH,https://www.foxtrot.com.ua/uk/shop/smartfoniy_i_mobilniye_telefoniy_apple_iphone_14_pro_512gb_graphite.html,True,iPhone 14 Pro,512GB,Space Black,
iPhone 11 128GB White (MHDJ3) (без адаптера),23999.0,UAH,https://www.foxtrot.com.ua/uk/shop/mobilnye_telefony_apple_iphone-11-128gb-whiteno-adapter-.html,True,iPhone 11 ,128GB,White,MHDJ3
iPhone 14 128 Gb Yellow,36999.0,UAH,https://www.foxtrot.com.ua/uk/shop/smartfoniy_i_mobilniye_telefoniy_apple_iphone_14_128gb_yellow.html,True,iPhone 14 ,128 Gb,Yellow,
iPhone 14 Plus 512GB Blue,48999.0,UAH,https://www.foxtrot.com.ua/uk/shop/smartfoniy_i_mobilniye_telefoniy_apple_iphone_14_plus_512gb_blue.html,True,iPhone 14 Plus,512GB,Blue,
iPhone 15 256GB Black (MTP63RX/A),43499.0,UAH,https://www.foxtrot.com.ua/uk/shop/smartfoniy_i_mobilniye_telefoniy_apple_iphone_15_256gb_midnight.html,True,iPhone 15 ,256GB,Black,MTP63RX/A
iPhone 13 128GB Midnight (MLPF3HU/A),31999.0,UAH,https://www.foxtrot.com.ua/uk/shop/smartfoniy_i_mobilniye_telefoniy_apple_iphone_13_128gb_black.html,True,iPhone 13 ,128GB,Midnight,MLPF3HU/A
iPhone 13 256GB (PRODUCT) RED (MLQ93HU/A),36999.0,UAH,https://www.foxtrot.com.ua/uk/shop/smartfoniy_i_mobilniye_telefoniy_apple_iphone_13_256gb_red.html,True,iPhone 13 ,256GB,(PRODUCT) RED,MLQ93HU/A
iPhone 12 128GB White (MGJC3FS/A),25499.0,UAH,https://www.foxtrot.com.ua/uk/shop/mobilnye_telefony_apple_iphone-12-128gb-white.html,True,iPhone 12 ,128GB,White,MGJC3FS/A
iPhone 14 Plus 512GB (PRODUCT) RED,48999.0,UAH,https://www.foxtrot.com.ua/uk/shop/smartfoniy_i_mobilniye_telefoniy_apple_iphone_14_plus_512gb_product_red.html,True,iPhone 14 Plus,512GB,(PRODUCT) RED,
iPhone 13 128 Gb Green (MNGK3HU/A),31999.0,UAH,https://www.foxtrot.com.ua/uk/shop/smartfoniy_i_mobilniye_telefoniy_apple_iphone_13_128gb_green_60_8883.html,True,iPhone 13 ,128 Gb,Green,MNGK3HU/A
iPhone 14 Pro Max 512GB Deep Purple,67499.0,UAH,https://www.foxtrot.com.ua/uk/shop/smartfoniy_i_mobilniye_telefoniy_apple_iphone_14_pro_max_512gb_sierra_blue.html,True,iPhone 14 Pro Max,512GB,Deep Purple,
iPhone 13 512GB Starlight (MLQD3HU/A),39999.0,UAH,https://www.foxtrot.com.ua/uk/shop/smartfoniy_i_mobilniye_telefoniy_apple_iphone_13_64gb_white.html,True,iPhone 13 ,512GB,Starlight,MLQD3HU/A
iPhone 14 Plus 256GB Starlight,42999.0,UAH,https://www.foxtrot.com.ua/uk/shop/smartfoniy_i_mobilniye_telefoniy_apple_iphone_14_mini_256gb_starlight.html,True,iPhone 14 Plus,256GB,Starlight,
iPhone 11 128GB Black (MHDH3) (без адаптера),23999.0,UAH,https://www.foxtrot.com.ua/uk/shop/mobilnye_telefony_apple_iphone-11-128gb-blackno-adapter-.html,True,iPhone 11 ,128GB,Black,MHDH3
iPhone 14 256GB Starlight,41999.0,UAH,https://www.foxtrot.com.ua/uk/shop/smartfoniy_i_mobilniye_telefoniy_apple_iphone_14_256gb_starlight.html,True,iPhone 14 ,256GB,Starlight,
iPhone 14 Plus 128GB PRODUCT RED (APPLE_NEW2022_016),37999.0,UAH,https://www.foxtrot.com.ua/uk/shop/smartfoniy_i_mobilniye_telefoniy_apple_iphone_14_mini_128gb_product_red.html,True,iPhone 14 Plus,128GB,PRODUCT RED,
iPhone 15 Pro 512GB Black Titanium (MTV73RX/A),68499.0,UAH,https://www.foxtrot.com.ua/uk/shop/smartfoniy_i_mobilniye_telefoniy_apple_iphone_15_pro_512gb_space_black.html,True,iPhone 15 Pro,512GB,Black Titanium,MTV73RX/A
iPhone 13 256GB Blue (MLQA3HU/A),36999.0,UAH,https://www.foxtrot.com.ua/uk/shop/smartfoniy_i_mobilniye_telefoniy_apple_iphone_13_256gb_blue.html,True,iPhone 13 ,256GB,Blue,MLQA3HU/A
iPhone 15 Pro Max 1TB Blue Titanium (MU7K3RX/A),83499.0,UAH,https://www.foxtrot.com.ua/uk/shop/smartfoniy_i_mobilniye_telefoniy_apple_iphone_15_pro_max_1tb_gold.html,True,iPhone 15 Pro Max,1TB,Blue Titanium,MU7K3RX/A
iPhone 14 Plus 256GB Purple,42999.0,UAH,https://www.foxtrot.com.ua/uk/shop/smartfoniy_i_mobilniye_telefoniy_apple_iphone_14_mini_256gb_pink.html,True,iPhone 14 Plus,256GB,Purple,
iPhone 14 256GB Purple,41999.0,UAH,https://www.foxtrot.com.ua/uk/shop/smartfoniy_i_mobilniye_telefoniy_apple_iphone_14_256gb_pink.html,True,iPhone 14 ,256GB,Purple,
iPhone 12 128GB Green (MGJF3FS/A),25499.0,UAH,https://www.foxtrot.com.ua/uk/shop/mobilnye_telefony_apple_iphone-12-128gb-green.html,True,iPhone 12 ,128GB,Green,MGJF3FS/A
iPhone 13 Mini 256GB (PRODUCT) RED (MLK83HU/A),33999.0,UAH,https://www.foxtrot.com.ua/uk/shop/smartfoniy_i_mobilniye_telefoniy_apple_iphone_13_mini_256gb_red.html,True,iPhone 13 Mini,256GB,(PRODUCT) RED,MLK83HU/A
iPhone 14 Pro Max 256GB Space Black,57499.0,UAH,https://www.foxtrot.com.ua/uk/shop/smartfoniy_i_mobilniye_telefoniy_apple_iphone_14_pro_max_256gb_graphite.html,True,iPhone 14 Pro Max,256GB,Space Black,
iPhone 15 Pro 1TB Natural Titanium (MTVF3RX/A),78499.0,UAH,https://www.foxtrot.com.ua/uk/shop/smartfoniy_i_mobilniye_telefoniy_apple_iphone_15_pro_1tb_deep_purple.html,True,iPhone 15 Pro,1TB,Natural Titanium,MTVF3RX/A
iPhone 15 Pro 512GB Natural Titanium (MTV93RX/A),68499.0,UAH,https://www.foxtrot.com.ua/uk/shop/smartfoniy_i_mobilniye_telefoniy_apple_iphone_15_pro_512gb_deep_purple.html,True,iPhone 15 Pro,512GB,Natural Titanium,MTV93RX/A
iPhone 13 128GB Pink (MLPH3HU/A),31999.0,UAH,https://www.foxtrot.com.ua/uk/shop/smartfoniy_i_mobilniye_telefoniy_apple_iphone_13_128gb_purple.html,True,iPhone 13 ,128GB,Pink,MLPH3HU/A
